Date,Price
01/01/2022,76357
02/01/2022,72846
03/01/2022,68357
04/01/2022,53462
05/01/2022,52692
06/01/2022,53636
07/01/2022,50000
08/01/2022,45000
09/01/2022,42923
10/01/2022,43214
11/01/2022,41538
12/01/2022,41333
13/01/2022,39500
14/01/2022,39250
15/01/2022,39000
16/01/2022,30900
17/01/2022,24667
18/01/2022,29643
19/01/2022,29364
20/01/2022,29000
21/01/2022,28545
22/01/2022,27182
23/01/2022,28583
24/01/2022,31929
25/01/2022,39583
26/01/2022,39000
27/01/2022,38500
28/01/2022,35000
29/01/2022,35357
30/01/2022,34800
31/01/2022,36875
01/02/2022,45154
02/02/2022,47462
03/02/2022,48167
04/02/2022,44885
05/02/2022,47192
06/02/2022,49000
07/02/2022,65333
08/02/2022,64000
09/02/2022,64000
10/02/2022,60929
11/02/2022,60250
12/02/2022,60000
13/02/2022,55714
14/02/2022,55750
15/02/2022,54615
16/02/2022,55286
17/02/2022,49778
18/02/2022,52583
19/02/2022,53700
20/02/2022,50000
21/02/2022,49143
22/02/2022,48929
23/02/2022,46167
24/02/2022,44667
25/02/2022,43643
26/02/2022,44462
27/02/2022,45000
28/02/2022,44462
01/03/2022,43714
02/03/2022,41231
03/03/2022,40846
04/03/2022,40385
05/03/2022,38500
06/03/2022,38000
07/03/2022,31000
08/03/2022,28778
09/03/2022,28615
10/03/2022,27545
11/03/2022,25000
12/03/2022,25071
13/03/2022,24167
14/03/2022,24083
15/03/2022,25000
16/03/2022,25000
17/03/2022,25000
18/03/2022,24654
19/03/2022,25423
20/03/2022,27269
21/03/2022,28167
22/03/2022,24214
23/03/2022,24077
24/03/2022,24154
25/03/2022,24929
26/03/2022,25385
27/03/2022,35857
28/03/2022,35571
29/03/2022,38692
30/03/2022,39615
31/03/2022,44286
01/04/2022,44692
02/04/2022,46333
03/04/2022,55000
04/04/2022,47100
05/04/2022,53250
06/04/2022,56692
07/04/2022,63462
08/04/2022,70000
09/04/2022,90417
10/04/2022,87500
11/04/2022,87500
12/04/2022,87500
13/04/2022,87500
14/04/2022,72857
15/04/2022,72000
16/04/2022,71385
17/04/2022,78857
18/04/2022,85100
19/04/2022,87400
20/04/2022,85956
21/04/2022,85354
22/04/2022,84667
23/04/2022,85837
24/04/2022,85837
25/04/2022,85837
26/04/2022,83837
27/04/2022,85449
28/04/2022,86204
29/04/2022,86122
30/04/2022,86061
01/05/2022,86061
02/05/2022,86061
03/05/2022,88263
04/05/2022,88663
05/05/2022,87049
06/05/2022,88839
07/05/2022,88904
08/05/2022,88904
09/05/2022,88904
10/05/2022,84714
11/05/2022,84571
12/05/2022,84122
13/05/2022,79920
14/05/2022,76920
15/05/2022,77410
16/05/2022,77410
17/05/2022,72643
18/05/2022,71559
19/05/2022,69278
20/05/2022,66488
21/05/2022,65980
22/05/2022,65980
23/05/2022,65980
24/05/2022,61298
25/05/2022,60502
26/05/2022,60441
27/05/2022,59735
28/05/2022,59639
29/05/2022,59639
30/05/2022,59639
31/05/2022,60182
01/06/2022,62367
02/06/2022,62251
03/06/2022,59161
04/06/2022,59251
05/06/2022,59251
06/06/2022,59251
07/06/2022,56957
08/06/2022,55612
09/06/2022,54565
10/06/2022,51347
11/06/2022,51039
12/06/2022,51347
13/06/2022,51347
14/06/2022,43810
15/06/2022,42714
16/06/2022,42714
17/06/2022,40469
18/06/2022,40204
19/06/2022,40204
20/06/2022,40204
21/06/2022,38327
22/06/2022,37022
23/06/2022,37288
24/06/2022,36798
25/06/2022,36382
26/06/2022,36382
27/06/2022,36382
28/06/2022,40524
29/06/2022,42198
30/06/2022,42924
01/07/2022,45286
02/07/2022,44980
03/07/2022,44980
04/07/2022,44980
05/07/2022,48082
06/07/2022,48859
07/07/2022,50171
08/07/2022,50434
09/07/2022,51560
10/07/2022,51560
11/07/2022,51560
12/07/2022,49891
13/07/2022,49537
14/07/2022,49907
15/07/2022,49593
16/07/2022,53576
17/07/2022,53576
18/07/2022,53576
19/07/2022,61850
20/07/2022,60511
21/07/2022,61298
22/07/2022,60280
23/07/2022,59885
24/07/2022,59885
25/07/2022,59885
26/07/2022,55081
27/07/2022,55156
28/07/2022,54087
29/07/2022,54493
30/07/2022,54894
31/07/2022,54894
01/08/2022,54894
02/08/2022,53802
03/08/2022,52919
04/08/2022,50716
05/08/2022,47824
06/08/2022,46628
07/08/2022,46628
08/08/2022,46628
09/08/2022,43722
10/08/2022,45031
11/08/2022,44574
12/08/2022,43204
13/08/2022,41635
14/08/2022,41635
15/08/2022,41635
16/08/2022,39683
17/08/2022,40974
18/08/2022,38561
19/08/2022,37761
20/08/2022,36050
21/08/2022,36050
22/08/2022,36050
23/08/2022,35641
24/08/2022,35456
25/08/2022,35493
26/08/2022,34857
27/08/2022,32784
28/08/2022,32784
29/08/2022,32784
30/08/2022,31389
31/08/2022,31302
01/09/2022,30715
02/09/2022,29154
03/09/2022,29700
04/09/2022,29700
05/09/2022,29700
06/09/2022,29356
07/09/2022,29243
08/09/2022,29446
09/09/2022,28930
10/09/2022,28743
11/09/2022,28743
12/09/2022,28743
13/09/2022,28650
14/09/2022,28470
15/09/2022,28559
16/09/2022,29770
17/09/2022,30237
18/09/2022,30237
19/09/2022,30237
20/09/2022,31141
21/09/2022,31241
22/09/2022,30913
23/09/2022,30519
24/09/2022,29970
25/09/2022,29970
26/09/2022,29970
27/09/2022,27041
28/09/2022,27259
29/09/2022,30361
30/09/2022,31317
01/10/2022,31802
02/10/2022,31802
03/10/2022,31802
04/10/2022,39494
05/10/2022,42148
06/10/2022,44656
07/10/2022,44700
08/10/2022,52409
09/10/2022,52409
10/10/2022,52409
11/10/2022,43431
12/10/2022,41137
13/10/2022,41128
14/10/2022,39641
15/10/2022,37952
16/10/2022,37952
17/10/2022,37952
18/10/2022,36611
19/10/2022,36089
20/10/2022,36074
21/10/2022,35519
22/10/2022,40346
23/10/2022,40346
24/10/2022,40346
25/10/2022,41783
26/10/2022,42920
27/10/2022,44920
28/10/2022,46333
29/10/2022,48037
30/10/2022,47630
31/10/2022,
01/11/2022,
02/11/2022,
03/11/2022,
04/11/2022,
05/11/2022,
06/11/2022,
07/11/2022,
08/11/2022,
09/11/2022,
10/11/2022,
11/11/2022,
12/11/2022,
13/11/2022,
14/11/2022,
15/11/2022,
16/11/2022,
17/11/2022,
18/11/2022,
19/11/2022,
20/11/2022,
21/11/2022,
22/11/2022,
23/11/2022,
24/11/2022,
25/11/2022,
26/11/2022,
27/11/2022,
28/11/2022,
29/11/2022,
30/11/2022,
01/12/2022,
02/12/2022,
03/12/2022,
04/12/2022,
05/12/2022,
06/12/2022,
07/12/2022,
08/12/2022,
09/12/2022,
10/12/2022,
11/12/2022,
12/12/2022,
13/12/2022,
14/12/2022,
15/12/2022,
16/12/2022,
17/12/2022,
18/12/2022,
19/12/2022,
20/12/2022,
21/12/2022,
22/12/2022,
23/12/2022,
24/12/2022,
25/12/2022,
26/12/2022,
27/12/2022,
28/12/2022,
29/12/2022,
30/12/2022,
31/12/2022,
01/01/2023,47630
02/01/2023,81352
03/01/2023,79593
04/01/2023,79574
05/01/2023,79556
06/01/2023,73644
07/01/2023,73644
08/01/2023,73644
09/01/2023,64843
10/01/2023,63711
11/01/2023,59004
12/01/2023,57533
13/01/2023,58033
14/01/2023,58033
15/01/2023,58033
16/01/2023,48374
17/01/2023,49472
18/01/2023,49815
19/01/2023,48680
20/01/2023,47809
21/01/2023,47809
22/01/2023,47809
23/01/2023,47809
24/01/2023,52304
25/01/2023,51370
26/01/2023,50796
27/01/2023,52204
28/01/2023,52204
29/01/2023,52204
30/01/2023,50643
31/01/2023,50483
01/02/2023,50039
02/02/2023,57230
03/02/2023,49661
04/02/2023,49661
05/02/2023,49661
06/02/2023,52854
07/02/2023,53978
08/02/2023,54122
09/02/2023,53900
10/02/2023,54580
11/02/2023,54641
12/02/2023,54641
13/02/2023,58785
14/02/2023,59026
15/02/2023,59439
16/02/2023,61730
17/02/2023,62820
18/02/2023,62820
19/02/2023,62820
20/02/2023,62600
21/02/2023,62661
22/02/2023,63132
23/02/2023,63204
24/02/2023,62526
25/02/2023,62526
26/02/2023,62526
27/02/2023,61235
28/02/2023,60050
01/03/2023,60100
02/03/2023,61693
03/03/2023,63544
04/03/2023,63544
05/03/2023,63544
06/03/2023,70076
07/03/2023,70854
08/03/2023,71928
09/03/2023,72748
10/03/2023,73235
11/03/2023,73235
12/03/2023,73235
13/03/2023,72637
14/03/2023,73341
15/03/2023,73217
16/03/2023,74307
17/03/2023,75531
18/03/2023,75531
19/03/2023,75531
20/03/2023,78700
21/03/2023,78700
22/03/2023,78700
23/03/2023,78700
24/03/2023,76533
25/03/2023,76533
26/03/2023,76533
27/03/2023,64063
28/03/2023,56730
29/03/2023,52230
30/03/2023,52443
31/03/2023,52035
01/04/2023,52035
02/04/2023,52035
03/04/2023,39754
04/04/2023,37004
05/04/2023,36249
06/04/2023,34948
07/04/2023,34948
08/04/2023,34948
09/04/2023,34948
10/04/2023,32200
11/04/2023,30587
12/04/2023,29309
13/04/2023,28363
14/04/2023,28763
15/04/2023,28706
16/04/2023,28763
17/04/2023,29085
18/04/2023,29458
19/04/2023,31535
20/04/2023,30304
21/04/2023,28881
22/04/2023,28900
23/04/2023,30535
24/04/2023,30381
25/04/2023,30362
26/04/2023,27721
27/04/2023,26571
28/04/2023,25744
29/04/2023,25225
30/04/2023,25225
01/05/2023,25225
02/05/2023,25626
03/05/2023,24809
04/05/2023,25900
05/05/2023,24645
06/05/2023,24645
07/05/2023,24645
08/05/2023,25202
09/05/2023,25581
10/05/2023,26427
11/05/2023,26896
12/05/2023,29510
13/05/2023,29510
14/05/2023,29510
15/05/2023,27158
16/05/2023,28015
17/05/2023,29104
18/05/2023,29104
19/05/2023,30435
20/05/2023,30435
21/05/2023,30435
22/05/2023,37062
23/05/2023,37142
24/05/2023,37160
25/05/2023,35310
26/05/2023,36219
27/05/2023,36313
28/05/2023,36313
29/05/2023,34704
30/05/2023,35206
31/05/2023,35809
01/06/2023,35809
02/06/2023,35809
03/06/2023,35809
04/06/2023,35809
05/06/2023,37469
06/06/2023,37738
07/06/2023,37453
08/06/2023,37788
09/06/2023,37887
10/06/2023,37887
11/06/2023,37887
12/06/2023,37135
13/06/2023,36396
14/06/2023,34962
15/06/2023,35704
16/06/2023,34157
17/06/2023,34157
18/06/2023,34157
19/06/2023,32402
20/06/2023,32525
21/06/2023,32915
22/06/2023,32434
23/06/2023,33038
24/06/2023,33038
25/06/2023,33038
26/06/2023,31698
27/06/2023,31467
28/06/2023,31467
29/06/2023,31467
30/06/2023,31467
01/07/2023,31467
02/07/2023,31467
03/07/2023,30219
04/07/2023,30245
05/07/2023,29656
06/07/2023,29062
07/07/2023,28918
08/07/2023,28762
09/07/2023,28762
10/07/2023,29340
11/07/2023,28546
12/07/2023,28585
13/07/2023,28287
14/07/2023,28135
15/07/2023,28135
16/07/2023,28135
17/07/2023,27396
18/07/2023,27108
19/07/2023,27108
20/07/2023,28929
21/07/2023,29140
22/07/2023,29140
23/07/2023,29140
24/07/2023,31683
25/07/2023,35185
26/07/2023,36483
27/07/2023,37079
28/07/2023,36708
29/07/2023,36708
30/07/2023,36708
31/07/2023,40913
01/08/2023,40990
02/08/2023,40971
03/08/2023,41038
04/08/2023,39373
05/08/2023,39373
06/08/2023,39373
07/08/2023,38956
08/08/2023,39466
09/08/2023,40008
10/08/2023,40942
11/08/2023,40942
12/08/2023,40942
13/08/2023,40942
14/08/2023,45712
15/08/2023,47885
16/08/2023,48288
17/08/2023,48288
18/08/2023,43717
19/08/2023,44189
20/08/2023,44189
21/08/2023,42657
22/08/2023,42258
23/08/2023,41544
24/08/2023,37619
25/08/2023,35350
26/08/2023,35154
27/08/2023,35189
28/08/2023,31609
29/08/2023,30862
30/08/2023,29036
31/08/2023,30670
01/09/2023,30496
02/09/2023,30778
03/09/2023,30833
04/09/2023,27552
05/09/2023,27558
06/09/2023,27194
07/09/2023,26756
08/09/2023,27478
09/09/2023,27533
10/09/2023,27478
11/09/2023,27624
12/09/2023,27180
13/09/2023,26421
14/09/2023,26598
15/09/2023,26654
16/09/2023,26469
17/09/2023,26450
18/09/2023,26826
19/09/2023,26857
20/09/2023,26660
21/09/2023,26646
22/09/2023,27200
23/09/2023,27011
24/09/2023,27011
25/09/2023,27069
26/09/2023,27431
27/09/2023,26926
28/09/2023,26926
29/09/2023,27698
30/09/2023,27880
01/10/2023,27698
02/10/2023,30316
03/10/2023,31611
04/10/2023,32343
05/10/2023,35333
06/10/2023,36533
07/10/2023,36387
08/10/2023,36569
09/10/2023,38993
10/10/2023,39554
11/10/2023,39255
12/10/2023,39319
13/10/2023,41128
14/10/2023,41128
15/10/2023,41183
16/10/2023,52435
17/10/2023,45864
18/10/2023,47039
19/10/2023,48878
20/10/2023,49113
21/10/2023,49131
22/10/2023,49131
23/10/2023,59727
24/10/2023,59661
25/10/2023,60180
26/10/2023,59862
27/10/2023,63581
28/10/2023,63698
29/10/2023,63698
30/10/2023,69157
31/10/2023,69952
01/11/2023,66102
02/11/2023,65569
03/11/2023,68135
04/11/2023,68678
05/11/2023,68624
06/11/2023,66267
07/11/2023,66056
08/11/2023,69426
09/11/2023,70298
10/11/2023,69778
11/11/2023,69687
12/11/2023,68960
13/11/2023,67585
14/11/2023,69263
15/11/2023,69981
16/11/2023,69611
17/11/2023,69696
18/11/2023,69604
19/11/2023,69604
20/11/2023,77211
21/11/2023,78322
22/11/2023,82740
23/11/2023,81519
24/11/2023,81333
25/11/2023,81333
26/11/2023,81358
27/11/2023,79907
28/11/2023,79630
29/11/2023,78920
30/11/2023,78405
01/12/2023,78573
02/12/2023,78482
03/12/2023,78391
04/12/2023,77751
05/12/2023,77465
06/12/2023,78343
07/12/2023,78973
08/12/2023,79124
09/12/2023,79106
10/12/2023,79124
11/12/2023,78389
12/12/2023,79178
13/12/2023,80087
14/12/2023,80857
15/12/2023,79950
16/12/2023,80315
17/12/2023,80224
18/12/2023,79080
19/12/2023,75976
20/12/2023,75691
21/12/2023,74346
22/12/2023,74039
23/12/2023,73965
24/12/2023,74280
25/12/2023,74187
26/12/2023,74002
27/12/2023,77020
28/12/2023,77169
29/12/2023,76706
30/12/2023,76706
31/12/2023,76631
01/01/2024,76409
02/01/2024,76896
03/01/2024,75545
04/01/2024,72804
05/01/2024,68124
06/01/2024,67939
07/01/2024,67939
08/01/2024,58004
09/01/2024,57059
10/01/2024,53698
11/01/2024,51680
12/01/2024,48652
13/01/2024,48404
14/01/2024,48404
15/01/2024,49324
16/01/2024,47667
17/01/2024,47354
18/01/2024,43769
19/01/2024,41900
20/01/2024,41752
21/01/2024,41720
22/01/2024,39519
23/01/2024,38043
24/01/2024,37765
25/01/2024,38209
26/01/2024,39449
27/01/2024,39722
28/01/2024,39722
29/01/2024,37217
30/01/2024,37476
31/01/2024,37872
01/02/2024,36717
02/02/2024,35504
03/02/2024,35249
04/02/2024,35304
05/02/2024,36116
06/02/2024,36773
07/02/2024,37982
08/02/2024,37982
09/02/2024,37982
10/02/2024,37605
11/02/2024,37605
12/02/2024,44425
13/02/2024,45653
14/02/2024,45949
15/02/2024,52399
16/02/2024,53006
17/02/2024,53151
18/02/2024,53151
19/02/2024,57912
20/02/2024,64810
21/02/2024,67738
22/02/2024,71954
23/02/2024,72671
24/02/2024,72635
25/02/2024,72945
26/02/2024,70641
27/02/2024,71057
28/02/2024,70706
29/02/2024,70057
01/03/2024,64901
02/03/2024,64809
03/03/2024,64716
04/03/2024,60183
05/03/2024,59829
06/03/2024,59721
07/03/2024,60721
08/03/2024,61599
09/03/2024,61599
10/03/2024,61781
11/03/2024,61781
12/03/2024,61599
13/03/2024,74104
14/03/2024,62356
15/03/2024,62605
16/03/2024,62442
17/03/2024,62387
18/03/2024,53530
19/03/2024,53873
20/03/2024,49194
21/03/2024,46532
22/03/2024,45405
23/03/2024,45852
24/03/2024,45566
25/03/2024,40067
26/03/2024,39618
27/03/2024,39567
28/03/2024,37608
29/03/2024,37668
30/03/2024,37299
31/03/2024,37615
01/04/2024,36853
02/04/2024,36120
03/04/2024,38228
04/04/2024,37693
05/04/2024,35942
06/04/2024,36014
07/04/2024,37799
08/04/2024,37799
09/04/2024,37246
10/04/2024,37246
11/04/2024,37246
12/04/2024,36978
13/04/2024,39567
14/04/2024,39389
15/04/2024,37282
16/04/2024,38187
17/04/2024,35855
18/04/2024,35171
19/04/2024,36232
20/04/2024,37152
21/04/2024,37152
22/04/2024,37794
23/04/2024,36703
24/04/2024,36602
25/04/2024,36392
26/04/2024,37847
27/04/2024,38057
28/04/2024,37989
29/04/2024,34290
30/04/2024,34170
01/05/2024,34170
02/05/2024,31923
03/05/2024,31029
04/05/2024,32106
05/05/2024,32163
06/05/2024,28613
07/05/2024,28143
08/05/2024,27807
09/05/2024,28269
10/05/2024,28357
11/05/2024,28249
12/05/2024,28406
13/05/2024,26560
14/05/2024,28056
15/05/2024,30880
16/05/2024,31570
17/05/2024,32766
18/05/2024,33027
19/05/2024,32861
20/05/2024,30376
21/05/2024,30047
22/05/2024,30824
23/05/2024,31305
24/05/2024,31050
25/05/2024,30969
26/05/2024,30938
27/05/2024,31611
28/05/2024,31161
29/05/2024,30473
30/05/2024,29949
31/05/2024,29903
01/06/2024,30188
02/06/2024,30090
03/06/2024,30452
04/06/2024,31239
05/06/2024,33490
06/06/2024,34018
07/06/2024,34233
08/06/2024,34227
09/06/2024,33938
10/06/2024,35937
11/06/2024,35627
12/06/2024,35884
13/06/2024,34823
14/06/2024,34731
15/06/2024,35107
16/06/2024,35116
17/06/2024,35165
18/06/2024,34838
19/06/2024,32949
20/06/2024,31240
21/06/2024,30280
22/06/2024,30720
23/06/2024,30769
24/06/2024,30375
25/06/2024,31048
26/06/2024,30778
27/06/2024,30590
28/06/2024,30949
29/06/2024,30984
30/06/2024,30826
01/07/2024,33970
02/07/2024,34346
03/07/2024,37626
04/07/2024,39135
05/07/2024,40188
06/07/2024,40385
07/07/2024,40456
08/07/2024,43889
09/07/2024,43945
10/07/2024,47889
11/07/2024,50822
12/07/2024,52727
13/07/2024,52727
14/07/2024,56782
15/07/2024,59660
16/07/2024,61904
17/07/2024,62695
18/07/2024,68374
19/07/2024,70850
20/07/2024,70850
21/07/2024,70832
22/07/2024,68214
23/07/2024,74421
24/07/2024,79794
25/07/2024,80899
26/07/2024,76443
27/07/2024,75881
28/07/2024,75881
29/07/2024,78547
30/07/2024,77573
31/07/2024,75361
01/08/2024,69059
02/08/2024,70864
03/08/2024,70864
04/08/2024,70846
05/08/2024,70977
06/08/2024,71896
07/08/2024,71614
08/08/2024,69915
09/08/2024,68987
10/08/2024,68987
11/08/2024,68829
12/08/2024,60911
13/08/2024,60082
14/08/2024,57490
15/08/2024,55685
16/08/2024,52217
17/08/2024,52234
18/08/2024,52270
19/08/2024,52043
20/08/2024,50431
21/08/2024,49595
22/08/2024,46584
23/08/2024,45565
24/08/2024,45511
25/08/2024,45529
26/08/2024,39875
27/08/2024,36655
28/08/2024,35046
29/08/2024,35890
30/08/2024,36155
31/08/2024,36155
01/09/2024,36155
02/09/2024,34499
03/09/2024,34667
04/09/2024,34475
05/09/2024,33698
06/09/2024,33510
07/09/2024,33565
08/09/2024,33038
09/09/2024,35486
10/09/2024,34733
11/09/2024,34571
12/09/2024,34245
13/09/2024,34086
14/09/2024,34068
15/09/2024,34068
16/09/2024,34068
17/09/2024,37616
18/09/2024,37351
19/09/2024,37150
20/09/2024,37018
21/09/2024,37075
22/09/2024,36339
23/09/2024,39410
24/09/2024,39373
25/09/2024,39188
26/09/2024,38929
27/09/2024,37626
28/09/2024,37720
29/09/2024,37682
30/09/2024,33418
01/10/2024,32846
02/10/2024,36820
03/10/2024,36909
04/10/2024,36855
05/10/2024,36836
06/10/2024,36836
07/10/2024,39119
08/10/2024,40284
09/10/2024,40472
10/10/2024,40403
11/10/2024,39692
12/10/2024,39562
13/10/2024,39710
14/10/2024,41223
15/10/2024,41267
16/10/2024,41019
17/10/2024,39875
18/10/2024,39799
19/10/2024,39818
20/10/2024,39818
21/10/2024,39667
22/10/2024,39007
23/10/2024,38359
24/10/2024,37787
25/10/2024,37126
26/10/2024,37126
27/10/2024,37126
28/10/2024,35919
29/10/2024,35581
30/10/2024,35211
31/10/2024,34835
01/11/2024,34798
02/11/2024,34835
03/11/2024,34723
04/11/2024,33118
05/11/2024,32233
06/11/2024,32403
07/11/2024,32367
08/11/2024,32957
09/11/2024,32938
10/11/2024,32938
11/11/2024,36131
12/11/2024,36285
13/11/2024,36457
14/11/2024,36462
15/11/2024,36472
16/11/2024,36509
17/11/2024,36250
18/11/2024,35204
19/11/2024,34611
20/11/2024,34012
21/11/2024,33616
22/11/2024,33125
23/11/2024,33163
24/11/2024,33182
25/11/2024,29836
26/11/2024,29540
27/11/2024,29531
28/11/2024,29585
29/11/2024,28936
30/11/2024,28936
01/12/2024,28898
02/12/2024,28087
03/12/2024,27879
04/12/2024,28181
05/12/2024,28863
06/12/2024,29502
07/12/2024,29521
08/12/2024,29521
09/12/2024,32005
10/12/2024,33118
11/12/2024,34200
12/12/2024,34215
13/12/2024,33530
14/12/2024,33585
15/12/2024,33548
16/12/2024,40055
17/12/2024,41326
18/12/2024,40440
19/12/2024,39826
20/12/2024,40842
21/12/2024,40163
22/12/2024,40879
23/12/2024,52905
24/12/2024,53699
25/12/2024,54114
26/12/2024,54133
27/12/2024,56548
28/12/2024,56548
29/12/2024,56567
30/12/2024,68919
31/12/2024,71107
01/01/2025,71107
02/01/2025,76641
03/01/2025,77302
04/01/2025,77302
05/01/2025,77264
06/01/2025,95149
07/01/2025,97547
08/01/2025,100094
09/01/2025,98787
10/01/2025,101031
11/01/2025,100939
12/01/2025,100883
13/01/2025,97543
14/01/2025,97039
15/01/2025,95100
16/01/2025,95793
17/01/2025,87338
18/01/2025,85602
19/01/2025,85677
20/01/2025,72069
21/01/2025,71512
22/01/2025,70309
23/01/2025,68790
24/01/2025,68107
25/01/2025,68107
26/01/2025,68088
27/01/2025,68031
28/01/2025,68126
29/01/2025,68220
30/01/2025,67629
31/01/2025,67767
01/02/2025,67767
02/02/2025,67748
03/02/2025,65484
04/02/2025,64602
05/02/2025,64795
06/02/2025,64247
07/02/2025,63785
08/02/2025,63804
09/02/2025,63804
10/02/2025,59601
11/02/2025,59670
12/02/2025,60062
13/02/2025,59497
14/02/2025,58969
15/02/2025,58969
16/02/2025,59025
17/02/2025,64876
18/02/2025,65836
19/02/2025,66119
20/02/2025,66568
21/02/2025,68296
22/02/2025,68333
23/02/2025,68314
24/02/2025,86409
25/02/2025,92321
26/02/2025,96272
27/02/2025,95883
28/02/2025,92158
01/03/2025,92158
02/03/2025,92196
03/03/2025,114246
04/03/2025,109771
05/03/2025,97943
06/03/2025,89145
07/03/2025,89241
08/03/2025,88407
09/03/2025,88389
10/03/2025,86296
11/03/2025,86345
12/03/2025,88257
13/03/2025,90691
14/03/2025,92252
15/03/2025,92195
16/03/2025,92195
17/03/2025,97912
18/03/2025,100824
19/03/2025,105395
20/03/2025,105308
21/03/2025,104654
22/03/2025,104691
23/03/2025,104747
24/03/2025,104790
25/03/2025,103847
26/03/2025,107177
27/03/2025,108788
28/03/2025,108807
29/03/2025,108807
30/03/2025,108603
31/03/2025,107233
01/04/2025,107103
02/04/2025,107048
03/04/2025,107048
04/04/2025,106788
05/04/2025,106807
06/04/2025,106733
07/04/2025,106807
08/04/2025,98857
09/04/2025,94524
10/04/2025,91388
11/04/2025,90534
12/04/2025,90534
13/04/2025,90534
14/04/2025,90068
15/04/2025,89633
16/04/2025,88164
17/04/2025,85827
18/04/2025,85827
19/04/2025,85901
20/04/2025,85938
21/04/2025,75599
22/04/2025,72697
23/04/2025,72345
24/04/2025,72345
25/04/2025,62746
26/04/2025,62746
27/04/2025,62672
28/04/2025,41290
29/04/2025,40454
30/04/2025,40763
01/05/2025,40799
02/05/2025,40945
03/05/2025,40781
04/05/2025,40890
05/05/2025,38296
06/05/2025,37345
07/05/2025,35698
08/05/2025,34531
09/05/2025,33457
10/05/2025,33420
11/05/2025,33494
12/05/2025,33457
13/05/2025,33457
14/05/2025,31716
15/05/2025,30855
16/05/2025,31093
17/05/2025,31056
18/05/2025,31130
19/05/2025,28710
20/05/2025,28396
21/05/2025,29370
22/05/2025,28442
23/05/2025,27942
24/05/2025,27942
25/05/2025,27998
26/05/2025,27131
27/05/2025,26639
28/05/2025,26621
29/05/2025,26621
30/05/2025,26454
31/05/2025,26417
01/06/2025,26417
02/06/2025,34176
03/06/2025,35494
04/06/2025,36192
05/06/2025,35945
06/06/2025,35945
07/06/2025,35945
08/06/2025,35741
09/06/2025,35760
10/06/2025,39883
11/06/2025,39509
12/06/2025,38593
13/06/2025,40629
14/06/2025,40722
15/06/2025,40629
16/06/2025,44308
17/06/2025,44393
18/06/2025,47145
19/06/2025,62432
20/06/2025,66164
21/06/2025,66200
22/06/2025,66200
23/06/2025,57486
24/06/2025,59544
25/06/2025,60767
26/06/2025,61733
27/06/2025,61733
28/06/2025,61733
29/06/2025,61606
30/06/2025,64365
01/07/2025,64649
02/07/2025,62510
03/07/2025,62093
04/07/2025,62297
05/07/2025,62297
06/07/2025,62278
07/07/2025,63692
08/07/2025,66176
09/07/2025,64938
10/07/2025,65086
11/07/2025,64539
12/07/2025,64903
13/07/2025,64903
14/07/2025,64588
15/07/2025,64679
16/07/2025,64673
17/07/2025,63674
18/07/2025,60186
19/07/2025,60168
20/07/2025,60223
21/07/2025,52660
22/07/2025,50728
23/07/2025,47170
24/07/2025,45740
25/07/2025,45092
26/07/2025,45092
27/07/2025,45092
28/07/2025,41433
29/07/2025,40843
30/07/2025,38531
31/07/2025,38476
01/08/2025,38485
02/08/2025,38376
03/08/2025,38376
04/08/2025,37345
05/08/2025,37091
06/08/2025,37037
07/08/2025,37000
08/08/2025,36981
09/08/2025,36870
10/08/2025,36889
11/08/2025,35589
12/08/2025,34380
13/08/2025,33976
14/08/2025,33096
15/08/2025,32614
16/08/2025,32577
17/08/2025,32614
18/08/2025,32614
19/08/2025,32645
20/08/2025,31991
21/08/2025,31543
22/08/2025,31506
23/08/2025,31506
24/08/2025,31506
25/08/2025,31930
26/08/2025,31132
27/08/2025,30558
28/08/2025,30221
29/08/2025,29965
30/08/2025,29965
31/08/2025,29965
01/09/2025,29345
02/09/2025,29086
03/09/2025,28030
04/09/2025,27951
05/09/2025,27951
06/09/2025,27951
07/09/2025,27951
08/09/2025,30433
09/09/2025,31788
10/09/2025,31840
11/09/2025,32686
12/09/2025,32904
13/09/2025,32922
14/09/2025,32922
15/09/2025,32770
16/09/2025,32433
17/09/2025,32988
18/09/2025,32443
19/09/2025,32414
20/09/2025,32414
21/09/2025,32414
22/09/2025,33451
23/09/2025,34470
24/09/2025,34243
25/09/2025,34229
26/09/2025,33988
27/09/2025,34007
28/09/2025,34007
29/09/2025,33655
30/09/2025,33116
01/10/2025,32896
02/10/2025,32525
03/10/2025,32433
04/10/2025,32433
05/10/2025,32470
06/10/2025,33230
07/10/2025,33530
08/10/2025,33252
09/10/2025,33381
10/10/2025,34554
11/10/2025,34554
12/10/2025,34554
13/10/2025,35227
14/10/2025,34598
15/10/2025,33144
16/10/2025,33202
17/10/2025,33147
18/10/2025,33091
19/10/2025,33091
20/10/2025,32221
21/10/2025,31308
22/10/2025,31309
23/10/2025,30235
24/10/2025,30233
25/10/2025,30233
26/10/2025,30233
27/10/2025,30133
28/10/2025,29715
29/10/2025,29562
30/10/2025,30914
31/10/2025,29701
01/11/2025,29756
02/11/2025,29756
03/11/2025,28790
04/11/2025,28339
05/11/2025,28190
06/11/2025,28345
07/11/2025,28654
08/11/2025,28654
09/11/2025,28636
10/11/2025,28488
11/11/2025,28048
12/11/2025,28488
13/11/2025,29414
14/11/2025,29988
15/11/2025,29988
16/11/2025,29988
17/11/2025,43485
18/11/2025,44195
19/11/2025,44085
20/11/2025,44085
21/11/2025,43865
22/11/2025,43846
23/11/2025,43846
24/11/2025,39267
25/11/2025,40353
26/11/2025,41722
27/11/2025,42946
28/11/2025,43038
29/11/2025,43020
30/11/2025,43001
01/12/2025,57218
02/12/2025,59099
03/12/2025,65821
04/12/2025,65981
05/12/2025,65686
06/12/2025,65686
07/12/2025,65686
08/12/2025,76848
09/12/2025,78698
10/12/2025,80258
11/12/2025,79521
12/12/2025,75080
13/12/2025,75414
14/12/2025,75451
15/12/2025,75610
16/12/2025,73468
17/12/2025,72059
18/12/2025,68135
19/12/2025,66881
20/12/2025,66881
21/12/2025,66807
22/12/2025,65556
23/12/2025,63873
24/12/2025,60512
25/12/2025,60494
26/12/2025,60105
27/12/2025,60105
28/12/2025,60105
29/12/2025,59612
30/12/2025,59352
31/12/2025,57018
01/01/2026,57056
02/01/2026,56235
03/01/2026,56198
04/01/2026,56198
05/01/2026,49235
06/01/2026,48646
07/01/2026,47285
08/01/2026,44698
09/01/2026,42781
10/01/2026,42781
11/01/2026,42781
12/01/2026,39883
13/01/2026,40794
14/01/2026,38420
15/01/2026,38160
16/01/2026,38179
17/01/2026,38179
18/01/2026,38179
19/01/2026,41414
20/01/2026,41761
21/01/2026,42107
22/01/2026,42667
23/01/2026,43870
24/01/2026,43852
25/01/2026,43852
26/01/2026,46148
27/01/2026,46593
28/01/2026,48642
29/01/2026,51345
30/01/2026,49864
31/01/2026,49864
01/02/2026,49864
02/02/2026,60055
03/02/2026,62727
04/02/2026,66842
05/02/2026,71363
06/02/2026,74401
07/02/2026,74420
08/02/2026,74401
09/02/2026,75564
10/02/2026,78358
11/02/2026,78426
12/02/2026,77315
13/02/2026,78241
14/02/2026,78241
15/02/2026,77778
16/02/2026,77741
17/02/2026,77741
18/02/2026,86381
19/02/2026,87389
20/02/2026,89784
21/02/2026,89784
22/02/2026,89654
23/02/2026,86389
24/02/2026,85727
25/02/2026,86481
26/02/2026,87055
27/02/2026,85756
28/02/2026,85738
01/03/2026,85542
02/03/2026,88491
03/03/2026,89673
04/03/2026,93497
05/03/2026,93560
06/03/2026,93461
07/03/2026,93461
08/03/2026,93461
09/03/2026,89052
10/03/2026,91115
11/03/2026,90923
12/03/2026,91494
13/03/2026,91461
14/03/2026,91442
15/03/2026,91442
16/03/2026,93297
17/03/2026,96639
18/03/2026,98369
19/03/2026,98369
20/03/2026,98190
21/03/2026,98190
22/03/2026,98030
23/03/2026,98940
24/03/2026,98940
25/03/2026,86383
26/03/2026,80267
27/03/2026,75136
28/03/2026,75136
29/03/2026,74858
30/03/2026,75463
31/03/2026,75461
01/04/2026,75042
02/04/2026,73907
03/04/2026,73870
04/04/2026,73759
05/04/2026,73667
06/04/2026,77296
07/04/2026,73788
08/04/2026,73788
09/04/2026,72552
10/04/2026,71452
11/04/2026,71452
12/04/2026,71184
13/04/2026,68554
14/04/2026,67691
15/04/2026,66352
16/04/2026,64952
17/04/2026,63858
18/04/2026,63858
19/04/2026,63858
20/04/2026,60914
21/04/2026,60370
22/04/2026,57707
23/04/2026,56745
24/04/2026,56467
25/04/2026,56467
26/04/2026,56467
27/04/2026,51733
28/04/2026,51499
29/04/2026,51321
30/04/2026,51130
01/05/2026,51130
02/05/2026,51095
03/05/2026,51095
04/05/2026,56470
05/05/2026,57589
06/05/2026,59422
07/05/2026,61803
08/05/2026,61874
09/05/2026,61874
10/05/2026,61571
11/05/2026,68679
12/05/2026,70089
13/05/2026,67720
14/05/2026,67738
15/05/2026,67720
16/05/2026,67792
17/05/2026,67738
18/05/2026,71583
19/05/2026,71250
20/05/2026,70821
21/05/2026,73208
22/05/2026,74667
23/05/2026,74667
